polity_id,year,urban_pop
(Anglo-Saxon England),550,35003.84911470362
(Anglo-Saxon England),600,35388.760585065436
(Anglo-Saxon England),650,35773.672055427254
(Anglo-Saxon England),750,36543.49499615088
(Anglo-Saxon England),800,36928.4064665127
(Anglo-Saxon England),850,37313.31793687452
(Anglo-Saxon England),900,37698.22940723634
(Batavian Republic),1800,509078.89077212807
(British Empire),1750,1241815.4205311532
(British Empire),1800,3194363.9378938028
(British Empire),1850,9692631.929975478
(British Empire),1900,35717627.485799514
(British Empire),1950,28461916.723958332
(Carolingian Empire),750,24111.11111111111
(Carolingian Empire),800,6000.0
(Carolingian Empire),850,182109.0413757875
(Carolingian Empire),900,220285.7142857143
(Carolingian Empire),950,39250.0
(Commonwealth of Nations),2000,8094000.0
(Commonwealth of Nations),2015,8094000.0
(Delhi Sultanate),1250,509793.69121019146
(Delhi Sultanate),1300,418686.4887420785
(Delhi Sultanate),1350,706986.7961975924
(Delhi Sultanate),1400,36919.08045977012
(Delhi Sultanate),1500,515295.65432743495
(Duchies of Poland),1250,12275.862068965518
(Duchies of Poland),1300,14000.0
(Dutch Republic),1600,120349.33977455716
(Dutch Republic),1650,408255.9789889463
(Dutch Republic),1700,171604.06666666665
(Dutch Republic),1750,272785.60925524693
(Five Dynasties and Ten Kingdoms),950,408250.0
(French Consulate),1800,925517.2809733587
(French Fourth Republic),1950,14480000.0
(French Second Republic),1850,2732882.2640545177
(French Third Republic),1900,7878000.0
(Habsburg Monarchy),1500,425848.9678958875
(Habsburg Monarchy),1550,312444.6266461561
(Habsburg Monarchy),1600,77822.07677609866
(Habsburg Monarchy),1650,112432.38184408328
(Habsburg Monarchy),1700,200203.4082934609
(Habsburg Monarchy),1750,313421.8999815313
(Habsburg Monarchy),1800,305269.0576711424
(Holy Roman Empire),950,36750.0
(Holy Roman Empire),1000,143500.0
(Holy Roman Empire),1050,172881.4497860559
(Holy Roman Empire),1100,154770.60972824847
(Holy Roman Empire),1150,215936.29794957855
(Holy Roman Empire),1200,356013.42281879194
(Holy Roman Empire),1250,350310.94109082397
(Holy Roman Empire),1300,281480.4230856679
(Holy Roman Empire),1350,529927.3941400251
(Holy Roman Empire),1400,681628.7402755631
(Holy Roman Empire),1450,486013.56305363134
(Holy Roman Empire),1500,236633.53198519693
(Holy Roman Empire),1550,193115.81446086382
(Holy Roman Empire),1600,176668.85407423828
(Holy Roman Empire),1650,210049.36025281617
(Holy Roman Empire),1700,243344.4964054637
(Holy Roman Empire),1750,230896.79523809522
(Holy Roman Empire),1800,82535.7441860465
(Kalmar Union),1450,28905.142429732237
(Kalmar Union),1500,12798.337129840547
(Kingdom of Bohemia),1250,31000.0
(Kingdom of Bohemia),1300,14000.0
(Kingdom of Bohemia),1350,21832.69230769231
(Kingdom of Bohemia),1450,21000.0
(Kingdom of Bohemia),1500,13980.0
(Kingdom of Denmark),1200,6750.0
(Kingdom of Denmark),1400,31000.0
(Kingdom of England),950,38083.140877598154
(Kingdom of England),1000,38468.052347959965
(Kingdom of England),1050,38852.96381832179
(Kingdom of England),1100,46242.990654205605
(Kingdom of England),1150,42491.07487093353
(Kingdom of England),1200,155775.19379844962
(Kingdom of England),1250,70103.11328671328
(Kingdom of England),1350,108329.15360501567
(Kingdom of England),1400,102366.66666666666
(Kingdom of England),1450,116791.32653061225
(Kingdom of England),1500,63190.17622377622
(Kingdom of England),1550,78750.0
(Kingdom of England),1600,50506.608396866286
(Kingdom of England),1650,3453.0612244897957
(Kingdom of England),1700,949283.9733711387
(Kingdom of France),1000,116214.28571428571
(Kingdom of France),1050,141703.2788407951
(Kingdom of France),1100,172328.6356036681
(Kingdom of France),1150,220230.9499051266
(Kingdom of France),1200,197611.65016171517
(Kingdom of France),1250,338044.91035571514
(Kingdom of France),1300,729851.8137165462
(Kingdom of France),1350,437316.68455987406
(Kingdom of France),1400,645738.7826614021
(Kingdom of France),1450,651604.9459742284
(Kingdom of France),1500,265454.4630598235
(Kingdom of France),1550,509857.14567259204
(Kingdom of France),1600,614084.6093281638
(Kingdom of France),1650,508739.6886962474
(Kingdom of France),1700,1167074.3571941066
(Kingdom of France),1750,1773177.0653087108
(Kingdom of Poland),1400,18000.0
(Kingdom of the Franks),550,30535.714285714283
(Kingdom of the Franks),600,62948.15256257449
(Kingdom of the Franks),700,47133.52902065441
(Kingdom of the Franks),750,47836.11442193087
(Kingdom of the Franks),800,152357.14285714284
(Macedonian Empire),-320,269139.06447534764
(Macedonian Empire),-300,62121.21212121212
(Mahajanapadas),-500,100000.0
(Mahajanapadas),-400,386922.38386510167
(Merovingian Empire),500,42133.676092544985
(Merovingian Empire),600,20444.444444444445
(Merovingian Empire),700,60650.793650793654
(Netherlands),1850,652737.5254237289
(Netherlands),1900,1687000.0
(Netherlands),1950,1441000.0
(Polish-Lithuania Kingdom),1400,108124.70605260301
(Portuguese Empire),1550,236730.60350101753
(Portuguese Empire),1600,28827.838827838827
(Portuguese Empire),1650,319063.7086903305
(Portuguese Empire),1700,260269.54055587068
(Portuguese Empire),1750,331395.65483476134
(Portuguese Empire),1800,489818.7251082251
(Russian Federation),2000,14027000.0
(Russian Federation),2015,8297000.0
(Spanish Empire),1550,1141369.9265725957
(Spanish Empire),1600,1610078.896706056
(Spanish Empire),1650,1477709.5042080216
(Spanish Empire),1700,781625.9109275142
(Spanish Empire),1750,1694162.810656217
(Spanish Empire),1800,1024798.2302467542
(Spanish Empire),1850,1362809.4787409701
(Spanish Empire),1900,921686.6825396826
(Spring and Autumn States),-750,315290.3548225887
(Spring and Autumn States),-700,540532.7336331834
(Spring and Autumn States),-650,615775.1124437781
(Spring and Autumn States),-600,691169.0064058879
(Spring and Autumn States),-550,766562.9003679978
(Spring and Autumn States),-500,1141956.7943301077
(Taifas of Iberia),1050,342177.4426622493
(Taifas of Iberia),1100,27000.0
(Taifas of Iberia),1150,76571.42857142858
(Warring States China),-450,882350.6882922176
(Warring States China),-400,1185367.9745493107
(Warring States China),-350,1590331.862893387
(Warring States China),-325,1885986.970483716
(Warring States China),-320,1900117.9920017817
(Warring States China),-300,2056642.078074045
(Warring States China),-250,1289063.404365814
Abbasid Caliphate,750,259662.00191870064
Abbasid Caliphate,800,4535471.683712129
Abbasid Caliphate,850,4650314.405133351
Abbasid Caliphate,900,3021449.592490577
Abbasid Caliphate,950,1242807.8890336931
Abbasid Caliphate,1250,318232.84147718106
Abbasid Caliphate/Buyid Dynasty,950,2460428.516399212
Achaean League,-200,56060.606060606064
Achaean League,-150,53030.303030303025
Achaemenid Empire,-550,93181.81818181818
Achaemenid Empire,-500,800909.0909090909
Achaemenid Empire,-450,845974.025974026
Achaemenid Empire,-400,768070.6328186129
Achaemenid Empire,-350,375112.5158027813
Afghanistan,2015,1424000.0
Afsharid Iran,1750,579327.8865976477
Aghlabid Dynasty,800,80000.0
Aghlabid Dynasty,850,87500.0
Aghlabid Dynasty,900,200000.0
Ahmadnagar Sultanate,1500,176468.0177040757
Ahmadnagar Sultanate,1550,142749.45475558034
Ahmadnagar Sultanate,1600,131805.5259653795
Ahmadnagar Sultanate,1650,110864.30688421582
Almohad Caliphate,1150,612031.6916488223
Almohad Caliphate,1200,881554.4908613961
Almohad Caliphate,1300,275000.0
Almoravid Dynasty,1100,679935.541998303
Almoravid Dynasty,1150,25809.52380952381
Almoravid Dynasty,1200,23000.0
Alodia,1000,30000.0
Alodia,1050,28750.0
Alodia,1100,27500.0
Alodia,1150,26250.0
Alodia,1200,25000.0
Alodia,1250,22500.0
Alodia,1300,20000.0
Ambrosian Republic,1450,155972.14998280013
Angevin Empire,1150,30000.0
Angevin Empire,1200,77880.52935973683
Anglo-Saxon England,450,34234.02617397998
Anglo-Saxon England,500,34618.9376443418
Antigonid Macedonia,-250,202628.4584980237
Anurādhapura,-100,230000.0
Anurādhapura,-50,225844.87534626038
Anurādhapura,0,221689.75069252076
Anurādhapura,50,267029.5755337307
Anurādhapura,100,313379.5013850415
Anurādhapura,150,309224.37673130195
Anurādhapura,200,305069.2520775623
Anurādhapura,250,250914.1274238227
Anurādhapura,300,196759.00277008308
Anurādhapura,350,192603.8781163435
Anurādhapura,400,188448.75346260387
Anurādhapura,450,184293.62880886428
Anurādhapura,500,180138.50415512465
Anurādhapura,550,175983.37950138503
Anurādhapura,600,171828.2548476454
Anurādhapura,650,100000.0
Anurādhapura,700,100000.0
Anurādhapura,750,100000.0
Anurādhapura,800,100000.0
Anurādhapura,850,100000.0
Anurādhapura,900,100000.0
Aq Qoyunlu,1450,68496.50327266759
Aq Qoyunlu,1500,826453.1519836541
Aquitaine,750,7457.627118644068
Arab Republic of Egypt,2000,12362000.0
Arab Republic of Egypt,2015,12362000.0
Argentine Confederation,1900,333000.0
Argentine Republic,1950,1644000.0
Argentine Republic,2000,2235000.0
Argentine Republic,2015,2235000.0
Armenian Kingdom of Cilicia,1100,46666.666666666664
Armenian Kingdom of Cilicia,1150,93000.0
Armenian Kingdom of Cilicia,1200,42000.0
Armenian Kingdom of Cilicia,1250,41000.0
Armenian Kingdom of Cilicia,1300,40000.0
Armenian Kingdom of Cilicia,1350,39000.0
Ashanti Empire,1750,45000.0
Ashanti Empire,1800,40000.0
Ashanti Empire,1850,25000.0
Ashikaga Shogunate,1350,153081.2905844156
Ashikaga Shogunate,1400,238903.125
Ashikaga Shogunate,1450,266789.172979798
Assyria,-1250,67500.0
Assyria,-1000,12000.0
Assyrian Egypt,-650,438714.2857142857
Astrakhan Khanate,1500,22737.300435413646
Astrakhan Khanate,1550,20995.645863570393
Athenian Coalition,-320,128333.33333333333
Austria-Hungary,1900,5401000.0
Austrian Empire,1850,1449241.223611111
Ava Kingdom,1400,103769.1001697793
Ava Kingdom,1450,110797.96264855687
Ava Kingdom,1500,60000.0
Ayutthaya Kingdom,1450,100000.0
Ayutthaya Kingdom,1500,125000.0
Ayutthaya Kingdom,1550,150000.0
Ayutthaya Kingdom,1600,351953.15076052997
Ayutthaya Kingdom,1650,125000.0
Ayutthaya Kingdom,1700,150000.0
Ayutthaya Kingdom,1750,160000.0
Ayyubid Sultanate,1200,1402456.6627775417
Aztec Triple Alliance,1450,140021.0807918673
Aztec Triple Alliance,1500,232247.94007490636
Babylonia,-1750,84166.66666666667
Babylonia,-1500,203750.0
Babylonia,-1250,196458.33333333334
Babylonia,-1000,160000.0
Babylonia,-950,160000.0
Babylonia,-900,160000.0
Babylonia,-850,160000.0
Babylonia,-650,210000.0
Bagratid Armenia,1000,175000.0
Bahmani Sultanate,1400,265048.0007439236
Bahmani Sultanate,1450,271229.3189953094
Bamana Empire,1750,25000.0
Bamana Empire,1800,30000.0
Belgian Congo,1950,334000.0
Beylik of Karaman,1350,32295.454545454544
Beylik of Karaman,1400,74590.90909090909
Beylik of Karaman,1450,96886.36363636363
Beylik of Saruhan,1350,77571.42857142858
Beylik of Saruhan,1400,77142.85714285714
Beylik of Tunis,1750,91871.6577540107
Beylik of Tunis,1800,110000.0
Beylik of Tunis,1850,109000.0
Bijapur Sultanate,1500,155942.61954261956
Bijapur Sultanate,1550,151376.24049453918
Bijapur Sultanate,1600,389786.25237687316
Bijapur Sultanate,1650,539824.5045418927
Bolivia,1850,87687.0
Bolivia,1900,54000.0
Bolivia,1950,321000.0
Bornu Empire,1500,40000.0
Bornu Empire,1550,40000.0
Bornu Empire,1600,80000.0
Bornu Empire,1650,85000.0
Bornu Empire,1700,80000.0
Bornu Empire,1750,80000.0
Bornu Empire,1800,80000.0
Bornu Empire,1850,20000.0
Brandenburg-Prussia,1650,63499.553502010356
Brandenburg-Prussia,1700,85423.94322312619
Brazilian Republic,1900,1713860.0
Brazilian Republic,1950,7345666.666666667
British Africa,1900,2013735.9667359667
British Colonial Empire,1750,91285.0
British Colonial Empire,1800,12000.0
British Colonial Empire,1900,1537000.0
British Colonial Empire,1950,527000.0
British Empire,1800,961744.7244324303
British Empire,1850,3155590.2045259634
Burgundian Kingdom,500,24666.666666666668
Burgundian Kingdom,650,78875.092229979
Burma,1850,403076.3809675029
Burma,1950,600000.0
Buyid Dynasty,1000,2428071.555174385
Buyid Dynasty,1050,425398.2180293501
Byzantine Empire,650,368481.15588115586
Byzantine Empire,700,361633.1623931624
Byzantine Empire,750,354785.1689051689
Byzantine Empire,800,297937.1754171754
Byzantine Empire,850,283269.45403802546
Byzantine Empire,900,384132.34490377345
Byzantine Empire,950,375203.5691028548
Byzantine Empire,1000,801858.1266352695
Byzantine Empire,1050,707055.9042280642
Byzantine Empire,1100,535213.752554723
Byzantine Empire,1150,449393.1039759881
Byzantine Empire,1200,361251.70068027213
Byzantine Empire,1300,276658.5232633199
Byzantine Empire,1350,128383.91257682185
Byzantine Empire,1400,42000.0
Byzantine Empire,1450,22179.48717948718
Caliphate of Córdoba,950,709096.9265650585
Caliphate of Córdoba,1000,1311252.6766595289
Caliphate of Córdoba,1050,255000.0
Canada,1950,2533000.0
Canada,2000,1016000.0
Canada,2015,1016000.0
Cao Cao,200,1222016.7643451001
Cao Wei,250,1674666.6842676348
Carnatic Sultanate,1750,131195.9568421156
Carnatic Sultanate,1800,251177.17744862178
Carthage,-300,36304.34782608696
Catalan Company,1350,28571.428571428572
Chagatai Khanate,1300,300078.18642870337
Chagatai Khanate,1350,317655.12355836184
Chagatai Khanate,1400,103297.0324394327
Chagatai Khanate,1450,106625.19346789223
Chalukya Dynasty,650,116992.63947430841
Chalukya Dynasty,700,66004.37529319781
Chalukya Dynasty,750,82103.79168993633
Chandela Kingdom,1000,40000.0
Chandela Kingdom,1200,50000.0
Chandela Kingdom,1250,46578.794642857145
Chandela Kingdom,1300,43157.58928571429
Chaulukya Dynasty,950,180000.0
Chaulukya Dynasty,1000,200000.0
Chaulukya Dynasty,1050,100000.0
Chaulukya Dynasty,1100,100000.0
Chaulukya Dynasty,1150,179812.5
Chaulukya Dynasty,1200,181750.0
Chiangmai,1800,27352.941176470587
Chiangmai,1850,25099.252336448597
Chimu Empire,1400,25000.0
Chobanids,1350,179140.19520851818
Chola Empire,900,70000.0
Chola Empire,950,218571.42857142858
Chola Empire,1000,217142.85714285716
Chola Empire,1050,177887.40972799849
Chola Empire,1100,224305.22780805198
Chola Empire,1150,159581.95571313912
Chola Empire,1200,98812.97561119903
Chu,-450,150000.0
Chu,-400,100000.0
Chámpa,1100,16795.580110497238
Chámpa,1150,24530.386740331494
Chámpa,1200,32265.193370165747
Chámpa,1250,40000.0
Chámpa,1300,40000.0
Chámpa,1350,50000.0
Chámpa,1400,50000.0
Chámpa,1450,42957.74647887324
Cispadane Republic,1800,33000.0
Commonwealth of Australia,1950,4147000.0
Commonwealth of Australia,2000,11498000.0
Commonwealth of Australia,2015,11498000.0
Commonwealth of England,1650,555173.9914599798
Commune of the Zealots,1350,46000.0
Communist Cuba,2000,2192000.0
Communist Cuba,2015,2192000.0
Comtat Venaissin,1300,25594.594594594593
Comtat Venaissin,1350,34545.454545454544
Comtat Venaissin,1400,20000.0
Comtat Venaissin,1450,18323.741007194243
Comtat Venaissin,1750,24000.0
County of Barcelona,950,2000.0
County of Barcelona,1000,7932.203389830509
County of Barcelona,1050,10351.648351648351
County of Barcelona,1100,12000.0
County of Barcelona,1150,13500.0
County of Blôis,1100,14000.0
County of Brabant,1300,14000.0
County of Champagne,1000,16000.0
County of Edessa,1100,41000.0
County of Foix,1450,2575.0
County of Foix,1500,11966.75
County of Savoy,1500,10717.741935483871
County of Toulouse,1150,25925.32467532467
County of Toulouse,1200,81571.42857142857
Crimean Khanate,1450,16412.213740458013
Crimean Khanate,1500,40458.01526717557
Crimean Khanate,1550,42003.81679389313
Crimean Khanate,1600,43549.61832061069
Crimean Khanate,1650,36595.419847328245
Crimean Khanate,1700,29641.221374045803
Crimean Khanate,1750,25687.022900763357
Crown of Aragon,1200,30000.0
Crown of Aragon,1250,90414.35711040437
Crown of Aragon,1300,172000.0
Crown of Aragon,1350,122816.5160538042
Crown of Aragon,1400,155615.38461538462
Crown of Aragon,1450,218589.2076762326
Crown of Aragon,1500,174000.0
Crown of Castile,1250,323747.7059057719
Crown of Castile,1300,321431.84064605634
Crown of Castile,1350,305598.0079523149
Crown of Castile,1400,289764.17525857355
Crown of Castile,1450,298439.1796097243
Crown of Castile,1500,378314.4976759688
Cyrenaica,-325,32717.391304347824
Cyrenaica,-320,32608.695652173912
Cyrenaica,-300,32173.91304347826
Cyrenaica,-250,31086.956521739132
Czech Republic,2000,1193000.0
Czech Republic,2015,1193000.0
Czechoslovakia,1950,1673000.0
Danishmendids,1100,45000.0
Danishmendids,1150,40000.0
Democratic People's Republic of Korea,1950,400000.0
Democratic People's Republic of Korea,2000,2741000.0
Democratic People's Republic of Korea,2015,2741000.0
Democratic Republic of the Congo,2000,2664000.0
Democratic Republic of the Congo,2015,2664000.0
Denmark-Norway,1550,48445.97390528645
Denmark-Norway,1600,42633.05630973023
Denmark-Norway,1650,28555.97014925373
Denmark-Norway,1700,24254.4420753376
Denmark-Norway,1750,19952.914001421464
Denmark-Norway,1800,19944.21875
Denmark-Norway,1900,155000.0
Despotate of Vidin,1400,12641.509433962266
Dominican Republic,2000,2677000.0
Dominican Republic,2015,2677000.0
Duchy of Aquitaine,1000,15000.0
Duchy of Aquitaine,1050,16807.22891566265
Duchy of Athens,1250,26785.714285714283
Duchy of Athens,1300,25000.0
Duchy of Bavaria,1500,47000.0
Duchy of Bavaria,1550,55375.0
Duchy of Bavaria,1600,62000.0
Duchy of Bavaria,1650,83926.87315634219
Duchy of Bavaria,1700,93157.81710914454
Duchy of Bavaria,1750,101250.0
Duchy of Bavaria,1800,143732.51428571428
Duchy of Bohemia,1000,15000.0
Duchy of Brunswick,1850,40000.0
Duchy of Burgundy,1400,107856.86653771761
Duchy of Burgundy,1450,100462.41317623536
Duchy of Holstein,1850,23000.0
Duchy of Lorraine,1700,7997.857142857143
Duchy of Milan,1500,181083.0058701466
Duchy of Parma and Piacenza,1850,76591.85714285714
Duchy of Prussia,1550,14000.0
Duchy of Prussia,1600,25000.0
Duchy of Warsaw,1850,160000.0
Durrani Empire,1750,30720.338983050846
Durrani Empire,1800,396607.07548715355
Dutch East Indies,1800,133071.7474048443
Dutch East Indies,1850,246000.0
Dutch East Indies,1900,540000.0
Dutch Republic,1600,96386.06313281716
Dutch Republic,1650,19862.068965517243
Dutch Republic,1700,396532.7102803738
Dutch Republic,1750,348053.51111111115
Dzungar Khanate,1700,65356.557377049176
Dzungar Khanate,1750,61237.70491803279
Early Pandyas,100,50000.0
Early Pandyas,150,51915.708812260535
Early Pandyas,200,53831.41762452108
Early Pandyas,250,55747.12643678161
Early Pandyas,300,57662.835249042146
East Franks,900,25664.556962025315
Eastern Chagatai Khanate,1500,30000.0
Eastern Ganga Kingdom,1250,100000.0
Eastern Ganga Kingdom,1300,90000.0
Eastern Ganga Kingdom,1350,90000.0
Eastern Hungarian Kingdom,1550,6575.757575757576
Eastern Kara-Khanids,1050,95675.8328926494
Eastern Kara-Khanids,1100,100992.46430460074
Eastern Kushans,250,161110.2661596958
Eastern Kushans,300,100000.0
Eastern Moghulistan,1550,17713.11475409836
Eastern Moghulistan,1600,18594.262295081968
Eastern Moghulistan,1650,69475.40983606558
Eastern Roman Empire,400,1635463.0442871822
Eastern Roman Empire,450,1728805.265360093
Eastern Roman Empire,500,1953978.9882645055
Eastern Roman Empire,550,1788333.7458893943
Eastern Roman Empire,600,1667443.5784838654
Eastern Wei,550,1763831.5494216247
Eastern Wu,250,223138.1264948123
Elam,-2000,50000.0
Elam,-1750,35000.0
Elam,-1500,36250.0
Elam,-1250,44375.0
Elam,-1000,25000.0
Elam,-950,25500.0
Elam,-900,26000.0
Elam,-850,26500.0
Elam,-800,27000.0
Elam,-750,28000.0
Elam,-700,29000.0
Elam,-650,30000.0
Electorate of Brandenburg,1600,14000.0
Electorate of Hanover,1750,37040.0
Electorate of Hanover,1800,46562.72
Electorate of Hesse,1850,72000.0
Electorate of Saxony,1500,14252.930848414411
Electorate of Saxony,1550,21311.419867235658
Electorate of Saxony,1600,28658.278568041726
Electorate of Saxony,1650,35721.93235441767
Electorate of Saxony,1800,92000.0
Electorate of Trier,1500,57580.410223642175
Electorate of Trier,1550,54187.76303057964
Electorate of Trier,1600,47635.37142857143
Emirate of Afghanistan,1850,113900.4329004329
Emirate of Afghanistan,1900,152904.7619047619
Emirate of Bukhara,1800,83513.51351351352
Emirate of Bukhara,1850,87777.77777777778
Emirate of Córdoba,800,425000.0
Emirate of Córdoba,850,381500.0
Emirate of Córdoba,900,343000.0
Emirate of Granada,1250,75000.0
Emirate of Granada,1300,90000.0
Emirate of Granada,1350,60000.0
Emirate of Granada,1400,90000.0
Emirate of Granada,1450,165000.0
Emirate of Sicily,850,26269.035532994923
Emirate of Sicily,900,27538.071065989847
Emirate of Sicily,1000,105076.1421319797
Emirate of Sicily,1050,118640.25963218774
Empire of Brazil,1850,290286.0588235294
Empire of Haiti,1900,61000.0
Empire of Japan,1900,5788789.935483871
English Colonial Empire,1650,15000.0
English Colonial Empire,1700,6700.0
English Colonial Empire,1750,55000.0
Estado Novo,1950,1675789.4736842106
Ethiopia,1950,325000.0
Ethiopia,2000,2424000.0
Ethiopia,2015,2424000.0
Ethiopian Empire,1300,61666.666666666664
Ethiopian Empire,1350,45833.33333333333
Ethiopian Empire,1400,30000.0
Ethiopian Empire,1450,31500.0
Ethiopian Empire,1500,33000.0
Ethiopian Empire,1550,27444.444444444445
Ethiopian Empire,1600,21888.88888888889
Ethiopian Empire,1650,16333.333333333332
Ethiopian Empire,1700,82777.77777777778
Ethiopian Empire,1750,45222.22222222222
Ethiopian Empire,1800,21580.31674208145
Ethiopian Empire,1850,13825.0
Ethiopian Empire,1900,75000.0
Fatimid Caliphate,950,118807.10659898477
Fatimid Caliphate,1000,1351176.9975464558
Fatimid Caliphate,1050,991050.9411223696
Fatimid Caliphate,1100,882978.6236283848
Fatimid Caliphate,1150,901735.8997197193
Federal Republic of Germany,1950,14201000.0
Federal Republic of Nigeria,2000,1061000.0
Federal Republic of Nigeria,2015,1061000.0
Federated Republic of Germany,2000,6286000.0
Federated Republic of Germany,2015,6286000.0
Federated Republic of Mexico,1850,480165.0
Fihrids,750,53076.92307692308
First Bulgarian Empire,800,54000.0
First Bulgarian Empire,850,21250.0
First Bulgarian Empire,900,62500.0
First Bulgarian Empire,950,72321.42857142858
First Bulgarian Empire,1000,60000.0
First Hellenic Republic,1850,73500.0
First Hellenic Republic,1900,218000.0
First Toungoo Empire,1550,298071.1216897133
First Toungoo Empire,1600,101884.55008488963
First Toungoo Empire,1650,353563.6716224934
First Toungoo Empire,1700,282809.64241085935
First Toungoo Empire,1750,126131.10767047614
Four Oirats,1450,30000.0
Francoist Spain,1950,4659000.0
Free City of Frankfurt,1850,43000.0
Free City of Hamburg,1850,194000.0
French Africa,1900,156000.0
French Consulate,1800,1519042.6988053229
French Fifth Republic,2000,2152000.0
French Fifth Republic,2015,2152000.0
French India,1800,25000.0
French Indochina,1900,275000.0
French Indochina,1950,1470000.0
French Louisiana,1800,9028.0
French Second Republic,1850,725705.632481472
Funj Sultanate,1600,40000.0
Funj Sultanate,1650,35000.0
Funj Sultanate,1700,30000.0
Funj Sultanate,1750,30000.0
Funj Sultanate,1800,18500.0
Gahadavala Dynasty,1100,163019.801980198
Gahadavala Dynasty,1150,174277.22772277228
Gahadavala Dynasty,1200,168125.34114442964
Galatia,-50,33409.230769230766
Georgia,2000,1268000.0
Georgia,2015,1268000.0
German Confederation,1850,1116523.6666666667
German Democratic Republic,1950,1738000.0
German Empire,1900,14701000.0
Germiyanids,1350,64796.87916777807
Germiyanids,1400,53460.97215667767
Ghana Empire,1050,30000.0
Ghana Empire,1100,25000.0
Ghana Empire,1150,25000.0
Ghana Empire,1200,25000.0
Ghaznavid Empire,1000,396000.0
Ghaznavid Empire,1050,97969.58158116064
Ghaznavid Empire,1100,188312.68962023547
Ghaznavid Empire,1150,224917.8583489429
Ghurid Dynasty,1200,440495.63651761116
Goguryeo,350,49782.393669634024
Goguryeo,400,52805.75539568345
Goguryeo,450,56402.87769784173
Goguryeo,500,60000.0
Goguryeo,550,60000.0
Goguryeo,600,60000.0
Goguryeo,650,59259.25925925926
Gojoseon,-150,39891.19683481701
Gojoseon,-100,40880.316518298714
Golconda Sultanate,1550,160141.76950827788
Golconda Sultanate,1600,192219.76107666717
Golconda Sultanate,1650,155911.64901695467
Golden Horde,1300,252357.8748025233
Golden Horde,1350,261472.9457245293
Golden Horde,1400,51842.70101483216
Golden Horde,1450,24478.955007256896
Golden Horde,1550,37500.0
Golden Horde,1600,55000.0
Goryeo,950,111322.75132275133
Goryeo,1000,110000.0
Goryeo,1050,110357.14285714286
Goryeo,1100,110714.28571428571
Goryeo,1150,91071.42857142858
Goryeo,1200,81428.57142857142
Goryeo,1250,81785.71428571429
Grand Duchy of Hesse,1850,9822.727272727272
Grand Duchy of Lithuania,1350,60000.0
Grand Duchy of Saxe-Weimar-Eisenach,1850,32462.666666666668
Grand Principality of Moscow,1350,34385.9649122807
Grand Principality of Moscow,1400,30000.0
Grand Principality of Moscow,1450,81192.62295081967
Grand Principality of Moscow,1500,160430.74364457116
Great Jin,1150,1869226.9269536878
Great Jin,1200,1873955.797430731
Great Seljuk Empire,1050,477757.57575757575
Great Seljuk Empire,1100,1466118.248678653
Great Seljuk Empire,1150,1165869.7255574614
Great Seljuk Empire,1200,791932.7172177205
Greco-Bactrian Kingdom,-200,220000.0
Greco-Bactrian Kingdom,-150,368073.6301369863
Greek City-States,-800,32311.68831168831
Greek City-States,-750,33350.64935064935
Greek City-States,-700,34389.61038961039
Greek City-States,-650,85428.57142857142
Greek City-States,-600,36467.53246753247
Greek City-States,-550,37506.493506493505
Greek City-States,-500,38545.454545454544
Greek City-States,-450,39584.41558441558
Greek City-States,-400,37608.69565217391
Greek City-States,-350,102108.03689064558
Greek City-States,-325,72065.21739130435
Greek City-States,-320,135115.9420289855
Greek City-States,-300,157832.674571805
Greek City-States,-200,129242.42424242424
Greek City-States,-150,87121.21212121211
Greek City-States,-100,105000.0
Greek Dark Ages,-1000,28155.844155844155
Greek Dark Ages,-950,29194.805194805194
Greek Dark Ages,-900,30233.766233766233
Greek Dark Ages,-850,31272.727272727272
Guatemala,1850,40000.0
Guatemala,1900,74000.0
Guatemala,1950,284000.0
Guatemala,2000,1007000.0
Guatemala,2015,1007000.0
Gupta Empire,350,316077.46216357267
Gupta Empire,400,310475.31739382615
Gupta Empire,450,286676.2159751031
Gupta Empire,500,205871.2272561277
Gupta Empire,550,203569.18218727846
Gurjara-Pratihara Dynasty,750,113456.68629100083
Gurjara-Pratihara Dynasty,800,132454.92090191838
Gurjara-Pratihara Dynasty,850,333037.1949217029
Gurjara-Pratihara Dynasty,900,453619.46894148743
Gurjara-Pratihara Dynasty,950,200109.22824302135
Gurjara-Pratihara Dynasty,1000,172000.0
Habsburg Monarchy,1550,127069.09902308506
Habsburg Monarchy,1600,164702.18181818182
Habsburg Monarchy,1650,101735.8947368421
Habsburg Monarchy,1700,98815.84158415842
Habsburg Monarchy,1750,549939.5170274912
Habsburg Monarchy,1800,768601.0099009902
Hafsid Dynasty,1250,110588.23529411765
Hafsid Dynasty,1300,88716.57754010695
Hafsid Dynasty,1350,115820.77377947427
Hafsid Dynasty,1400,127722.03050499197
Hafsid Dynasty,1450,147328.20526329655
Hafsid Dynasty,1500,151934.38002160113
Hafsid Dynasty,1550,145959.0397087268
Haiti,1800,11666.666666666666
Halych-Volhynia occupation,1100,23091.603053435116
Halych-Volhynia occupation,1150,22137.404580152674
Halych-Volhynia occupation,1200,21183.206106870228
Hamdanid Emirates,950,248846.03335494988
Hamdanid Emirates,1000,141231.15577889446
Hamdanid Emirates,1050,230609.24641118717
Hammadid Dynasty,1050,80000.0
Han,-350,225000.0
Han,-250,225000.0
Han Dynasty,-200,2049484.730657583
Han Dynasty,-150,2127042.055746716
Han Dynasty,-100,2506599.3808358484
Han Dynasty,-50,2678673.2425510893
Han Dynasty,0,2841866.7877480322
Han Dynasty,50,2703769.233877986
Han Dynasty,100,2661563.6983943284
Han Dynasty,150,2452666.2437187512
Han Dynasty,200,1021752.0246980741
Hanthawaddy Kingdom,1350,40000.0
Hanthawaddy Kingdom,1400,90803.85852090032
Hanthawaddy Kingdom,1450,101607.71704180064
Hanthawaddy Kingdom,1500,102411.57556270096
Haudenosaunee,1700,4671.428571428571
Heian Japan,800,595012.987012987
Heian Japan,850,523178.5714285714
Heian Japan,900,551344.1558441558
Heian Japan,950,517009.74025974027
Heian Japan,1000,482675.32467532466
Heian Japan,1050,283757.57575757575
Heian Japan,1100,259839.82683982686
Heian Japan,1150,235922.0779220779
Himyarite Kingdom,-100,60000.0
Hittites,-1250,67500.0
Holy Roman Empire,1000,100000.0
Holy Roman Empire,1050,141709.7381585423
Holy Roman Empire,1100,209872.291883333
Holy Roman Empire,1150,219515.02873838219
Holy Roman Empire,1200,355328.50381081767
Holy Roman Empire,1250,506495.5490761427
Holy Roman Empire Minor States,1300,564795.6661179359
Holy Roman Empire Minor States,1350,358786.95236866
Holy Roman Empire Minor States,1400,397722.4597947631
Holy Roman Empire Minor States,1450,236794.86600955963
Holy Roman Empire Minor States,1500,221112.19718970955
Holy Roman Empire Minor States,1550,282830.7331171855
Holy Roman Empire Minor States,1600,269770.4574647181
Holy Roman Empire Minor States,1650,176969.72767411306
Holy Roman Empire Minor States,1700,155145.5077321543
Holy Roman Empire Minor States,1750,144528.80130691302
Holy Roman Empire Minor States,1800,253399.73333333334
House of Habsburg,1300,21000.0
House of Habsburg,1400,11699.669966996698
House of Habsburg,1450,49929.52228163993
House of Jagiellon,1450,151191.7697376026
House of Jagiellon,1500,207455.2352445094
House of Jagiellon,1550,184356.22021171715
House of Savoy,1600,44397.00917431193
House of Savoy,1650,63093.25705728876
House of Savoy,1700,66010.98865069357
House of Valois-Anjou,1400,42999.697912831325
House of Valois-Anjou,1450,24069.868995633187
Hoysala Kingdom,1350,100000.0
Hungarian Nationalists,1850,341721.60784313723
Hungarian People's Republic,1950,1500000.0
Hungary,2000,1825000.0
Hungary,2015,1825000.0
Hyderabad State,1750,261862.6512190313
Hyksos,-1750,17000.0
Hyksos,-1500,24000.0
Iberian Union,1600,605852.4291476606
Idrisids,850,18281.25
Idrisids,900,22187.5
Idrisids,950,26093.75
Ilkhanate,1300,1107801.1251415086
Imamate of Yemen,1850,40000.0
Inca Empire,1450,29032.25806451613
Inca Empire,1500,146868.74287078547
Indo-Greeks,-100,150000.0
Indo-Parthians,50,224747.47474747474
Indo-Sasanian Empire,300,200736.301369863
Indo-Sasanian Empire,350,198809.9315068493
Indo-Scythians,-50,125247.52475247525
Indo-Scythians,0,100495.0495049505
Indus Valley Civilization,-2000,40000.0
Iraqi Republic,2000,3841000.0
Islamic Republic of Iran,2000,12155000.0
Islamic Republic of Iran,2015,12155000.0
Islamic Republic of Pakistan,1950,3083135.135135135
Islamic Republic of Pakistan,2000,21397000.0
Islamic Republic of Pakistan,2015,21397000.0
Jalayirid Sultanate,1350,389607.1234339289
Jalayirid Sultanate,1400,245887.6552169005
Japan,2000,26848000.0
Japan,2015,26848000.0
Jaunpur Sultanate,1400,234817.22985930764
Jaunpur Sultanate,1450,325840.4845239028
Jin,-450,200000.0
Joseon,1400,179010.98901098903
Joseon,1450,203484.55598455598
Joseon,1500,204517.37451737453
Joseon,1550,205550.19305019305
Joseon,1600,214916.34491634494
Joseon,1650,232615.83011583012
Joseon,1700,241648.64864864864
Joseon,1750,281324.3243243243
Joseon,1800,320000.0
Joseon,1850,325422.61904761905
Judea,-100,149417.19342604297
Judea,-50,149480.404551201
Judea,0,149543.61567635904
Kakatiya Dynasty,1200,55712.29253958753
Kakatiya Dynasty,1250,53558.68204821244
Kakatiya Dynasty,1300,206673.872182326
Kalabhra Dynasty,400,61494.25287356322
Kalabhra Dynasty,450,63409.96168582376
Kalabhra Dynasty,500,165325.67049808428
Kalabhra Dynasty,550,167241.3793103448
Kalmar Union,1450,34894.73684210526
Kalmar Union,1500,50246.26865671642
Kamakura Shogunate,1200,360615.78733766236
Kamakura Shogunate,1250,346437.62175324676
Kamakura Shogunate,1300,307259.4561688312
Kannauj-Varman Dynasty,750,407320.91240236594
Kanva Dynasty,-50,604992.4977064917
Kapisa,1500,25000.0
Kara-Khanids,850,74409.307244844
Kara-Khanids,900,25645.161290322583
Kara-Khanids,950,30483.870967741936
Kara-Khanids,1000,385322.5806451613
Kara-Khitans,1150,223470.38603913272
Kara-Khitans,1200,233948.30777366474
Karamanli Dynasty,1750,16757.894736842107
Karamanli Dynasty,1800,20000.0
Karkota Dynasty,600,44178.08219178082
Karkota Dynasty,650,44929.90654205607
Karkota Dynasty,700,44754.67289719626
Karkota Dynasty,750,44579.43925233645
Karkota Dynasty,800,44404.20560747664
Karkota Dynasty,850,44228.97196261682
Kartids,1350,82189.51829239306
Kashmir,900,44053.73831775701
Kashmir,950,43878.504672897194
Kashmir,1000,43703.27102803739
Kashmir,1050,43528.03738317757
Kashmir,1200,43002.33644859813
Kashmir,1300,42651.86915887851
Kashmir and Jammu,1850,110000.0
Kashmiri Sultanate,1350,42476.63551401869
Kashmiri Sultanate,1400,42301.40186915888
Kashmiri Sultanate,1450,42126.168224299065
Kashmiri Sultanate,1500,40000.0
Kashmiri Sultanate,1550,65000.0
Kathmandu,1250,23589.74358974359
Kathmandu,1300,23717.94871794872
Kathmandu,1350,23846.153846153848
Kathmandu,1400,23974.358974358976
Kathmandu,1450,24102.5641025641
Kathmandu,1500,24230.76923076923
Kathmandu,1550,24358.97435897436
Kathmandu,1600,24487.17948717949
Kathmandu,1650,24615.384615384617
Kathmandu,1700,24743.589743589742
Kathmandu,1750,24871.79487179487
Kazakh Khanate,1500,60000.0
Kazakh Khanate,1600,45945.94594594595
Kazakh Khanate,1800,30000.0
Kazakhstan,2000,1135000.0
Kazakhstan,2015,1135000.0
Khalji Dynasty,1300,227812.8793637799
Khanate of Bukhara,1550,137312.0787973043
Khanate of Bukhara,1600,125101.08864696734
Khanate of Bukhara,1650,152394.60300113488
Khanate of Bukhara,1700,133742.17140935647
Khanate of Bukhara,1750,106907.9216357599
Khanate of Kazan,1450,21071.428571428572
Khanate of Kazan,1500,18095.238095238095
Khanate of Kazan,1550,15119.047619047618
Khanate of Khiva,1800,20000.0
Khanate of Kokand,1800,30000.0
Khanate of Kokand,1850,130000.0
Khazaria,800,30000.0
Khazaria,850,34854.36893203884
Khazaria,900,39708.73786407767
Khazaria,950,41895.5007256894
Khmer Empire,900,190000.0
Khmer Empire,950,295000.0
Khmer Empire,1000,400000.0
Khmer Empire,1050,162500.0
Khmer Empire,1100,125000.0
Khmer Empire,1150,140000.0
Khmer Empire,1200,150000.0
Khmer Empire,1250,125000.0
Khmer Empire,1300,90000.0
Khmer Empire,1350,90000.0
Khmer Empire,1400,40000.0
Khmer Empire,1850,30365.853658536584
Khwarezmid Dynasty,1200,54455.67651632971
Kidarites,400,51883.561643835616
Kidarites,450,49957.191780821915
Kievan Rus',1000,63000.0
Kievan Rus',1050,59293.47826086957
Kimek-Kipchak confederation,1100,36670.53701015965
Kimek-Kipchak confederation,1150,34928.8824383164
Kimek-Kipchak confederation,1200,33187.22786647315
Kingdom of Afghanistan,1950,294000.0
Kingdom of Aragon,1150,18048.780487804877
Kingdom of Arles,950,39603.39690107271
Kingdom of Arles,1000,40782.71752085816
Kingdom of Asturias,900,9516.129032258064
Kingdom of Bavaria,1850,267229.0
Kingdom of Belgium,1850,695664.0
Kingdom of Belgium,1900,1918000.0
Kingdom of Belgium,1950,2899000.0
Kingdom of Belgium,2000,1122000.0
Kingdom of Belgium,2015,1122000.0
Kingdom of Bohemia,1300,40000.0
Kingdom of Bohemia,1350,50000.0
Kingdom of Bohemia,1450,70000.0
Kingdom of Bohemia,1500,91000.0
Kingdom of Castile,1000,12741.935483870968
Kingdom of Castile,1050,14354.83870967742
Kingdom of Castile,1100,69467.74193548388
Kingdom of Castile,1150,62205.64516129032
Kingdom of Castile,1200,50810.21897810219
Kingdom of Cyprus,1400,18000.0
Kingdom of Cyprus,1450,18000.0
Kingdom of Dali,950,190000.0
Kingdom of Dali,1000,190000.0
Kingdom of Dali,1050,95000.0
Kingdom of Dali,1100,140000.0
Kingdom of Dali,1150,141760.0
Kingdom of Dali,1200,145760.0
Kingdom of Dali,1250,149760.0
Kingdom of Denmark,1300,22000.0
Kingdom of Denmark,1350,26500.0
Kingdom of Denmark,1400,15821.116173120728
Kingdom of Egypt,1950,4688245.322245322
Kingdom of England,1250,40148.98295766905
Kingdom of England,1300,130220.52587412587
Kingdom of England,1350,25837.938461538462
Kingdom of England,1400,16237.663974121117
Kingdom of England,1450,9572.763636363637
Kingdom of England,1500,30933.673469387755
Kingdom of England,1550,49154.00637667417
Kingdom of England,1600,238963.41025641025
Kingdom of France,1200,116792.45283018867
Kingdom of France,1250,344622.04204450705
Kingdom of France,1300,155088.41289439463
Kingdom of France,1350,354409.56215515395
Kingdom of France,1400,126896.31769280102
Kingdom of France,1450,105536.52503987242
Kingdom of France,1500,425773.2778350681
Kingdom of France,1550,329901.3481397699
Kingdom of France,1600,256516.16801080076
Kingdom of France,1650,873061.5275749055
Kingdom of France,1700,482516.4966282742
Kingdom of Georgia,1150,50000.0
Kingdom of Georgia,1200,80000.0
Kingdom of Georgia,1350,79196.61733615222
Kingdom of Georgia,1450,62283.29809725158
Kingdom of Georgia,1500,53826.638477801265
Kingdom of Georgia,1550,45369.97885835095
Kingdom of Georgia,1750,22666.666666666668
Kingdom of Georgia,1800,17571.428571428572
Kingdom of Germany,950,27996.835443037977
Kingdom of Greece,1950,1357000.0
Kingdom of Hanover,1850,101000.0
Kingdom of Hungary,1200,18000.0
Kingdom of Hungary,1250,15000.0
Kingdom of Hungary,1300,27000.0
Kingdom of Hungary,1350,41450.36363636363
Kingdom of Hungary,1400,41939.94295900178
Kingdom of Hungary,1500,73801.45454545454
Kingdom of Iraq,1950,1787415.9779614324
Kingdom of Israel,-800,27000.0
Kingdom of Italy,600,31833.71298405467
Kingdom of Italy,650,30125.284738041002
Kingdom of Italy,700,28416.856492027335
Kingdom of Italy,750,26708.428246013667
Kingdom of Italy,950,76755.61797752809
Kingdom of Italy,1900,2689000.0
Kingdom of Jerusalem,1100,69411.76470588235
Kingdom of Jerusalem,1150,40000.0
Kingdom of Jerusalem,1200,40000.0
Kingdom of Jerusalem,1250,57000.0
Kingdom of Jordan,2000,1147000.0
Kingdom of Jordan,2015,1147000.0
Kingdom of Judah,-800,36000.0
Kingdom of Judah,-750,39000.0
Kingdom of Khotan,900,54080.777366472765
Kingdom of Khotan,950,54558.69910100476
Kingdom of Khotan,1000,55036.62083553675
Kingdom of Kongo,1500,40000.0
Kingdom of Kongo,1550,50000.0
Kingdom of Kush,-700,182467.53246753247
Kingdom of León,950,11129.032258064515
Kingdom of León,1200,56750.0
Kingdom of Lower Burgundy,900,25224.07628128725
Kingdom of Luang Phrabang,1750,22970.0272479564
Kingdom of Luang Phrabang,1800,19564.032697547682
Kingdom of Luang Phrabang,1850,16158.038147138963
Kingdom of Mrauk U,1500,50000.0
Kingdom of Mrauk U,1600,90000.0
Kingdom of Mrauk U,1650,90000.0
Kingdom of Mrauk U,1700,70000.0
Kingdom of Mrauk U,1750,45000.0
Kingdom of Mysore,1700,192031.4343518326
Kingdom of Mysore,1750,199532.66763666598
Kingdom of Naples (Napoleonic),1800,222000.0
Kingdom of Norway,1950,434000.0
Kingdom of Pergamon,-200,235000.0
Kingdom of Pergamon,-150,333000.0
Kingdom of Pinya,1350,56740.2376910017
Kingdom of Poland,1350,16000.0
Kingdom of Polonnaruwa,1100,40000.0
Kingdom of Polonnaruwa,1150,50000.0
Kingdom of Polonnaruwa,1200,75000.0
Kingdom of Pontus,-100,34000.0
Kingdom of Portugal,1150,15000.0
Kingdom of Portugal,1200,40000.0
Kingdom of Portugal,1250,47094.80122324159
Kingdom of Portugal,1300,54189.60244648318
Kingdom of Portugal,1350,61284.40366972477
Kingdom of Portugal,1400,83663.72372141824
Kingdom of Portugal,1450,86595.34502834184
Kingdom of Portugal,1500,97526.96633526543
Kingdom of Portugal,1850,401219.2605042017
Kingdom of Portugal,1900,675368.4210526316
Kingdom of Prussia,1750,251255.0
Kingdom of Prussia,1800,516338.0
Kingdom of Sardinia,1750,97203.8
Kingdom of Sardinia,1800,97131.51351351352
Kingdom of Sardinia,1850,203602.53416149068
Kingdom of Saudi Arabia,1950,500000.0
Kingdom of Saudi Arabia,2000,3250000.0
Kingdom of Saudi Arabia,2015,3250000.0
Kingdom of Scotland,1300,1500.0
Kingdom of Scotland,1350,6235.6321839080465
Kingdom of Scotland,1400,13398.550724637682
Kingdom of Scotland,1450,18782.608695652176
Kingdom of Scotland,1500,25666.666666666668
Kingdom of Scotland,1550,31254.901960784315
Kingdom of Scotland,1600,42000.0
Kingdom of Sicily,1150,46008.248730964464
Kingdom of Sicily,1200,196000.0
Kingdom of Sicily,1250,115206.89655172414
Kingdom of Sicily,1350,48600.22522522522
Kingdom of Spain,1650,466218.6461553857
Kingdom of Spain,1700,521506.3767342416
Kingdom of Spain,1800,604460.5773909573
Kingdom of Spain,1900,1580847.530589544
Kingdom of Spain,2000,5640000.0
Kingdom of Spain,2015,5640000.0
Kingdom of Sweden,1300,15000.0
Kingdom of Sweden,1350,16639.344262295082
Kingdom of Sweden,1550,12385.5421686747
Kingdom of Sweden,1600,16000.0
Kingdom of Sweden,1950,1306000.0
Kingdom of Thailand,1950,1001062.0
Kingdom of Thailand,2000,7506000.0
Kingdom of Thailand,2015,7506000.0
Kingdom of Wessex,700,36158.58352578907
Kingdom of Württemberg,1850,48000.0
Kingdom of the Franks,550,93081.32837238058
Kingdom of the Franks,600,29280.205655526992
Kingdom of the Franks,650,22853.470437017997
Kingdom of the Franks,750,26392.85714285714
Kingdom of the Franks,800,119965.43504171632
Kingdom of the Isles,1100,10078.512396694216
Kingdom of the Isles,1150,15657.024793388431
Kingdom of the Two Sicilies,1850,304098.3606557377
Konbaung Dynasty,1750,70453.5390070922
Konbaung Dynasty,1800,323594.94506192446
Korean Empire,1900,328000.0
Kushan Empire,50,210368.1506849315
Kushan Empire,100,458441.7808219178
Kushan Empire,150,491580.0497421741
Kushan Empire,200,465176.4935673733
Lan Na,1600,39117.64705882353
Lan Na,1750,30294.117647058825
Lan Na Kingdom,1300,32254.901960784315
Lan Na Kingdom,1350,35441.17647058824
Lan Na Kingdom,1400,38627.450980392154
Lan Na Kingdom,1450,41813.72549019608
Lan Na Kingdom,1500,45000.0
Lan Na Kingdom,1550,42058.82352941176
Lan Xang,1400,50000.0
Lan Xang,1450,45000.0
Lan Xang,1500,40000.0
Lan Xang,1550,36594.00544959128
Lan Xang,1600,33188.01089918256
Lan Xang,1650,29782.01634877384
Lan Xang,1700,26376.021798365124
Laomedon,-320,31390.644753476612
Late Pallava Empire,350,59578.54406130268
Late Pallava Empire,650,70000.0
Late Pallava Empire,700,70000.0
Late Pallava Empire,750,70000.0
Late Pallava Empire,800,70000.0
Later Han,950,2267890.221507567
Later Mayan City-States,900,40000.0
Later Mayan City-States,950,38750.0
Later Mayan City-States,1000,37500.0
Later Mayan City-States,1050,36250.0
Later Mayan City-States,1100,35000.0
Later Mayan City-States,1150,33750.0
Later Mayan City-States,1200,57500.0
Later Mayan City-States,1250,56250.0
Later Mayan City-States,1300,55000.0
Later Mayan City-States,1350,53750.0
Later Mayan City-States,1400,52500.0
Later Mayan City-States,1450,51250.0
Later Mayan City-States,1500,47000.0
Later Qin,400,1495953.886693017
Later Yan,400,231960.96654275092
Later Zhao,350,1592882.0469444422
Lebanon,1950,203000.0
Liang Dynasty,550,344439.91953379614
Liao Dynasty,950,100000.0
Liao Dynasty,1000,100000.0
Liao Dynasty,1050,95000.0
Liao Dynasty,1100,90000.0
Libyan Arab Republic,2000,1500000.0
Liu Song Dynasty,450,2715582.910075696
Livonian Conference,1450,7000.0
Livonian Conference,1500,9750.0
Livonian Conference,1550,12500.0
Lodi Dynasty,1500,39765.71428571429
Lohara Dynasty,1100,43352.80373831776
Lohara Dynasty,1150,43177.57009345794
Lu,-450,100000.0
Lu,-250,160000.0
Lê Dynasty,1450,43924.52830188679
Lê Dynasty,1500,41849.056603773584
Macedonian Empire,-320,279120.5821205821
Magadha - Shaishunaga dynasty,-350,641793.0236402712
Maitraka Dynasty,700,74297.7291841884
Majapahit,1300,40000.0
Majapahit,1350,40000.0
Majapahit,1400,80000.0
Majapahit,1450,35000.0
Majapahit,1500,30000.0
Makuria,800,40000.0
Makuria,850,40000.0
Makuria,900,40000.0
Makuria,950,42500.0
Makuria,1000,45000.0
Makuria,1050,47500.0
Makuria,1100,50000.0
Makuria,1150,50000.0
Makuria,1200,50000.0
Makuria,1250,50000.0
Makuria,1300,50000.0
Makuria,1350,40000.0
Makuria,1400,50000.0
Makuria Kingdom,1450,45905.36082474227
Makuria Kingdom,1500,41810.721649484534
Malaysia,2000,1145000.0
Malaysia,2015,1145000.0
Mali Empire,1250,48700.0
Mali Empire,1300,95000.0
Mali Empire,1350,124716.98113207547
Mali Empire,1400,130000.0
Mali Empire,1450,137500.0
Mali Empire,1500,40000.0
Mamluk Dynasty,1250,259227.8400896458
Mamluk Sultanate,1250,1339031.0896695293
Mamluk Sultanate,1300,1574305.9280059615
Mamluk Sultanate,1350,1507709.4385953736
Mamluk Sultanate,1400,1511612.949184786
Mamluk Sultanate,1450,1494213.6777620031
Mamluk Sultanate,1500,1506014.485483073
Maratha Empire,1750,569182.3900252348
Maratha Empire,1800,1128096.456806502
Margraviate of Brandenburg,1350,24804.878048780487
Marinid Sultanate,1250,366666.6666666666
Marinid Sultanate,1350,276000.0
Marinid Sultanate,1400,227000.0
Marinid Sultanate,1450,228000.0
Massina Empire,1850,35000.0
Mataram Kingdom,800,60000.0
Mataram Sultanate,1650,24531.08996539792
Mataram Sultanate,1700,22377.97577854671
Maukhari Dynasty,600,401267.1371184293
Maurya Empire,-300,996663.6634154406
Maurya Empire,-250,1001534.30319061
Maurya Empire,-200,856404.9429657795
Mayan City-States,-200,135000.0
Mayan City-States,-150,100000.0
Mayan City-States,-100,100000.0
Mayan City-States,-50,100000.0
Mayan City-States,0,100000.0
Mayan City-States,50,100000.0
Mayan City-States,100,100000.0
Mayan City-States,150,100000.0
Mayan City-States,200,100000.0
Mayan City-States,250,100000.0
Mayan City-States,300,200000.0
Mayan City-States,350,200000.0
Mayan City-States,400,200000.0
Mayan City-States,450,200000.0
Mayan City-States,500,200000.0
Mayan City-States,550,220000.0
Mayan City-States,600,240000.0
Mayan City-States,650,220000.0
Mayan City-States,700,200000.0
Mayan City-States,750,100000.0
Mayan City-States,800,140000.0
Median Kingdom,-600,39090.90909090909
Mexico,1900,1114000.0
Mexico,1950,3793000.0
Mexico,2000,13784000.0
Mexico,2015,13784000.0
Michoacán,1500,40000.0
Middle Franks,850,38582.27848101266
Middle Kingdom of Egypt,-2000,106666.66666666666
Middle Kingdom of Egypt,-1750,151034.72222222222
Ming Dynasty,1400,4174820.3709263667
Ming Dynasty,1450,4379114.122635515
Ming Dynasty,1500,4510626.826292715
Ming Dynasty,1550,4711995.376515005
Ming Dynasty,1600,4981033.491067028
Minoan civilization,-1500,50000.0
Minyue,-325,100000.0
Minyue,-320,100000.0
Minyue,-300,100000.0
Mitanni,-1500,20000.0
Moghulistan,1500,76831.96721311475
Mongol Empire,1250,3349421.9540199973
Mongol Khanate,1500,20000.0
Morocco,1700,208334.02753673494
Morocco,1750,155202.01318986464
Morocco,1800,142069.99884299433
Morocco,1850,214937.98449612403
Morocco,1900,276000.0
Morocco,2000,2943000.0
Morocco,2015,2943000.0
Mughal Empire,1550,41652.542372881355
Mughal Empire,1600,2458250.4659005958
Mughal Empire,1650,3084438.947292053
Mughal Empire,1700,3449029.8310504877
Mughal Empire,1750,715105.6421347415
Mughal Empire,1800,488478.3410382721
Mughal Empire,1850,156000.0
Muhammad Ali dynasty,1850,1287397.1634820052
Mujahideen,2015,1582000.0
Muzaffarids,1350,106052.63157894736
Myinsaing Kingdom,1300,59711.375212224106
Nabataeans,-100,30000.0
Nanda Empire,-325,769228.3435278558
Nanda Empire,-320,794715.4075053728
Nanzhao,750,59078.21229050279
Nanzhao,800,75000.0
Nanzhao,850,270833.3333333334
Nanzhao,900,190000.0
Nara Japan,750,200000.0
Nawab of Awadh,1750,342875.1921377406
Nawab of Awadh,1800,549407.0951678861
Nawabs of Bengal,1750,796489.0530925014
Nayaks of Madurai,1550,47297.2972972973
Nayaks of Madurai,1600,50000.0
Nayaks of Madurai,1650,38539.32584269663
Nayaks of Madurai,1700,32359.550561797754
Neo-Assyrian Empire,-900,40000.0
Neo-Assyrian Empire,-850,55000.0
Neo-Assyrian Empire,-800,280000.0
Neo-Assyrian Empire,-750,291666.6666666666
Neo-Assyrian Empire,-700,345333.3333333333
Neo-Babylonian Empire,-600,337727.2727272727
Neo-Babylonian Empire,-550,370454.54545454547
Nepal,1800,25000.0
Nepal,1850,59407.21649484536
Nepal,1900,105000.0
Netherlands,1950,1347000.0
Netherlands Antilles,1900,31000.0
New Kingdom of Egypt,-1500,178402.77777777778
New Kingdom of Egypt,-1250,290625.0
New Kingdom of Egypt,-1000,337987.012987013
New Kingdom of Egypt,-950,276233.7662337662
New Kingdom of Egypt,-900,269480.51948051946
New Kingdom of Egypt,-850,272727.2727272727
Nguyễn dynasty,1850,183839.0
Nguyễn lords,1600,50000.0
Nguyễn lords,1650,52777.77777777778
Nguyễn lords,1700,59000.0
Nguyễn lords,1750,68000.0
Ngô Dynasty,1350,45000.0
Ngô Dynasty,1400,46000.0
Nicaean Empire,1250,291336.06435274845
Norman England,1100,40988.750813159124
Norman England,1150,10682.242990654206
Norman Italy,1100,135614.21319796954
Northern Fujiwara,1100,50000.0
Northern Fujiwara,1150,50000.0
Northern Song,1000,3305523.7735896087
Northern Wei,400,100000.0
Northern Wei,450,289118.77394636016
Northern Wei,500,2254249.877398802
Novgorod Republic,1100,30195.652173913044
Novgorod Republic,1150,35597.82608695652
Novgorod Republic,1200,41000.0
Novgorod Republic,1300,30000.0
Novgorod Republic,1350,37500.0
Novgorod Republic,1400,45000.0
Novgorod Republic,1450,60000.0
Old Kingdom of Norway,1300,15000.0
Old Kingdom of Norway,1350,14865.138592750533
Old Kingdom of Norway,1400,14730.277185501067
Omani Slave Coast,1850,60000.0
Oriental Republic of Uruguay,1900,268000.0
Oriental Republic of Uruguay,1950,797000.0
Oriental Republic of Uruguay,2000,13303000.0
Oriental Republic of Uruguay,2015,13303000.0
Ostrogothic Kingdom,500,263250.569476082
Ostrogothic Kingdom,550,75000.0
Ottoman Empire,1350,122193.16603063504
Ottoman Empire,1400,310880.17871428054
Ottoman Empire,1450,493565.8661342731
Ottoman Empire,1500,719687.4261492211
Ottoman Empire,1550,2634620.9155116235
Ottoman Empire,1600,2839384.7692454658
Ottoman Empire,1650,2601281.413797348
Ottoman Empire,1700,2609736.2620706116
Ottoman Empire,1750,2472350.719069045
Ottoman Empire,1800,2597165.189212368
Ottoman Empire,1850,1722931.18141635
Ottoman Empire,1900,2742102.100550964
Ottoman Tripolitania,1850,25000.0
Ottoman Tripolitania,1900,30000.0
Oyo Empire,1700,98823.5294117647
Oyo Empire,1750,75000.0
Oyo Empire,1800,104000.0
Pagan Kingdom,1050,74567.06281833616
Pagan Kingdom,1100,171595.92529711375
Pagan Kingdom,1150,218624.78777589134
Pagan Kingdom,1200,245653.65025466893
Pagan Kingdom,1250,242682.51273344652
Pahlavi Dynasty,1950,1737000.0
Pala Empire,800,392672.98763774685
Pala Empire,850,209105.55462325894
Pala Empire,900,119548.02259887005
Pala Empire,950,116723.16384180791
Pala Empire,1000,113898.30508474576
Pala Empire,1050,111073.4463276836
Pala Empire,1100,108248.58757062146
Pala Empire,1150,105423.72881355931
Pandya Dynasty,600,169157.08812260535
Pandya Dynasty,650,170000.0
Pandya Dynasty,700,170000.0
Pandya Dynasty,750,70000.0
Pandya Dynasty,800,70000.0
Pandya Dynasty,850,60000.0
Pandya Dynasty,900,150000.0
Pandya Empire,1250,142909.89854022156
Pandya Empire,1300,235435.3928978155
Papal States,800,50000.0
Papal States,850,45000.0
Papal States,900,40000.0
Papal States,950,36428.57142857143
Papal States,1000,35000.0
Papal States,1050,35000.0
Papal States,1100,35000.0
Papal States,1150,35000.0
Papal States,1200,35000.0
Papal States,1250,32500.0
Papal States,1300,93000.0
Papal States,1350,85447.33044733045
Papal States,1400,101000.0
Papal States,1450,113931.03448275862
Papal States,1500,131000.0
Papal States,1550,160194.8051948052
Papal States,1600,197844.0
Papal States,1650,203877.55
Papal States,1700,228000.0
Papal States,1750,242000.0
Papal States,1800,236948.0
Papal States,1850,267500.0
Paraguay,1850,44000.0
Paraguay,1900,51000.0
Paraguay,1950,205000.0
Paramara Dynasty,1000,69251.47182506308
Paramara Dynasty,1050,163410.42893187553
Paramara Dynasty,1100,147569.38603868795
Paramara Dynasty,1150,121728.34314550042
Paramara Dynasty,1200,65887.30025231287
Parthian Empire,-100,550000.0
Parthian Empire,-50,349504.95049504953
Parthian Empire,0,399009.900990099
Parthian Empire,50,500000.0
Parthian Empire,100,500000.0
Parthian Empire,150,100000.0
Parthian Empire,200,100000.0
Peloponnesian League,-400,354604.74308300397
Peloponnesian League,-350,36521.739130434784
People's Democratic Republic of Algeria,2000,2525000.0
People's Democratic Republic of Algeria,2015,2525000.0
People's Republic of Bangladesh,2000,4761000.0
People's Republic of Bangladesh,2015,4761000.0
People's Republic of Bulgaria,1950,437000.0
People's Republic of China,1950,31812490.592128243
People's Republic of China,2000,155106000.0
People's Republic of China,2015,155106000.0
Polish-Lithuanian Commonwealth,1600,242438.72113637172
Polish-Lithuanian Commonwealth,1650,289766.2745807839
Polish-Lithuanian Commonwealth,1700,244470.19465329993
Polish-Lithuanian Commonwealth,1750,261680.87802840435
Pomerania,1150,7000.0
Portuguese Colonies,1650,69927.74982027318
Portuguese Colonies,1700,39500.0
Portuguese Colonies,1800,14032.16
Portuguese Colonies,1850,43686.16
Portuguese Colonies,1900,63000.0
Portuguese Empire,1700,46833.33333333333
Portuguese Empire,1750,126000.0
Principality of Achaea,1250,25769.23076923077
Principality of Achaea,1300,24871.79487179487
Principality of Achaea,1400,23076.923076923078
Principality of Antioch,1100,30000.0
Principality of Antioch,1150,40000.0
Principality of Antioch,1200,34491.52542372882
Principality of Antioch,1250,28983.050847457627
Principality of Bulgaria,1900,109000.0
Principality of Kiev,1100,50000.0
Principality of Kiev,1150,40000.0
Principality of Kiev,1200,30000.0
Principality of Moldavia,1400,14400.0
Principality of Moldavia,1450,13100.0
Principality of Moldavia,1500,44800.0
Principality of Moldavia,1550,33500.0
Principality of Moldavia,1600,134147.0588235294
Principality of Moldavia,1650,19500.0
Principality of Moldavia,1700,16800.0
Principality of Moldavia,1750,34100.0
Principality of Moldavia,1800,27400.0
Principality of Ryazan,1200,18000.0
Principality of Smolensk,1150,40000.0
Principality of Smolensk,1200,35000.0
Principality of Smolensk,1300,25000.0
Principality of Smolensk,1350,25000.0
Principality of Smolensk,1400,25000.0
Principality of Transylvania,1650,12000.0
Principality of Wallachia,1400,25000.0
Principality of Wallachia,1450,40000.0
Principality of Wallachia,1500,50000.0
Principality of Wallachia,1550,83920.58823529413
Principality of Wallachia,1650,161833.17853457172
Principality of Wallachia,1700,120000.0
Principality of Wallachia,1750,86500.0
Principality of Wallachia,1800,88000.0
Prome Kingdom,1500,47826.825127334465
Pskov Republic,1300,23000.0
Pskov Republic,1350,26500.0
Pskov Republic,1400,30000.0
Pskov Republic,1450,37500.0
Pskov Republic,1500,45000.0
Ptolemaic Kingdom,-325,583029.823560797
Ptolemaic Kingdom,-300,721132.1625038439
Ptolemaic Kingdom,-250,787336.8403899377
Ptolemaic Kingdom,-200,1325541.5182760316
Ptolemaic Kingdom,-150,1271255.2429023017
Ptolemaic Kingdom,-100,1505167.450461568
Ptolemaic Kingdom,-50,1174049.9550505374
Pyu City-States,600,100000.0
Pyu City-States,650,198336.16298811545
Pyu City-States,700,195365.02546689304
Pyu City-States,750,192393.88794567063
Pyu City-States,800,189422.75042444823
Pyu City-States,850,86451.6129032258
Pyu City-States,900,83480.4753820034
Pyu City-States,950,80509.33786078099
Pyu City-States,1000,77538.20033955858
Qajar Dynasty,1800,417503.53990502213
Qajar Dynasty,1850,506843.7851837197
Qajar Dynasty,1900,862000.0
Qara Qoyunlu,1400,63619.565217391304
Qara Qoyunlu,1450,516496.7815396813
Qarlugs,800,19968.75
Qasimids,1650,20000.0
Qasimids,1700,26666.666666666668
Qasimids,1750,33333.333333333336
Qasimids,1800,40000.0
Qing Dynasty,1650,3057537.85704805
Qing Dynasty,1700,5372515.646271118
Qing Dynasty,1750,6171273.263245531
Qing Dynasty,1800,7911657.5174666615
Qing Dynasty,1850,9474837.504733011
Qing Dynasty,1900,11158109.939507676
Ramadanid Emirate,1400,38000.0
Ramadanid Emirate,1450,37000.0
Ramadanid Emirate,1500,36000.0
Rashidun Caliphate,650,1344187.5833454095
Rashtrakuta Dynasty,800,163984.45808667486
Rashtrakuta Dynasty,850,120865.12448341338
Rashtrakuta Dynasty,900,317745.7908801519
Rashtrakuta Dynasty,950,53197.885848319
Rattanakosin Kingdom,1800,168750.0
Rattanakosin Kingdom,1850,196522.72727272726
Rattanakosin Kingdom,1900,304595.5140186916
Regency of Algiers,1750,51563.899613899615
Regency of Algiers,1800,49909.113463694106
Republic of Armenia,2000,1249000.0
Republic of Armenia,2015,1249000.0
Republic of Baden,1850,35100.08
Republic of Belarus,2000,1677000.0
Republic of Belarus,2015,1677000.0
Republic of Brazil,2000,36294000.0
Republic of Brazil,2015,36294000.0
Republic of Chile,1850,129000.0
Republic of Chile,1900,603000.0
Republic of Chile,1950,1548000.0
Republic of Chile,2000,4788000.0
Republic of Chile,2015,4788000.0
Republic of China,1950,1147000.0
Republic of China,2000,4609000.0
Republic of China,2015,4609000.0
Republic of Colombia,1900,192000.0
Republic of Colombia,1950,1400000.0
Republic of Colombia,2000,11850000.0
Republic of Colombia,2015,11850000.0
Republic of Cuba,1950,1090000.0
Republic of Côte d'Ivoire,2000,1929000.0
Republic of Côte d'Ivoire,2015,1929000.0
Republic of Ecuador,1850,72769.23076923077
Republic of Ecuador,1900,131000.0
Republic of Ecuador,1950,467000.0
Republic of Ecuador,2000,3733000.0
Republic of Ecuador,2015,3733000.0
Republic of El Salvador,1900,59000.0
Republic of El Salvador,1950,519666.6666666667
Republic of Florence,1500,106000.0
Republic of Florence,1550,92602.40963855422
Republic of Florence,1600,119237.55944055945
Republic of Florence,1650,121399.02409111924
Republic of Florence,1700,119928.2331021729
Republic of Genoa,1350,55000.0
Republic of Genoa,1400,75000.0
Republic of Genoa,1450,60000.0
Republic of Haiti,1950,387000.0
Republic of India,1950,17784763.452203136
Republic of India,2000,40267000.0
Republic of India,2015,40267000.0
Republic of Indonesia,1950,4112000.0
Republic of Indonesia,2000,39117000.0
Republic of Indonesia,2015,39117000.0
Republic of Iraq,2015,3841000.0
Republic of Italy,1950,5030000.0
Republic of Italy,2000,3954000.0
Republic of Italy,2015,3954000.0
Republic of Kenya,2000,1346000.0
Republic of Kenya,2015,1346000.0
Republic of Korea,1950,2654000.0
Republic of Korea,2000,21332000.0
Republic of Korea,2015,21332000.0
Republic of New Granada,1850,53000.0
Republic of Peru,1850,154369.15384615384
Republic of Peru,1900,122000.0
Republic of Peru,1950,923000.0
Republic of Peru,2000,7201000.0
Republic of Peru,2015,7201000.0
Republic of Pisa,1050,14500.0
Republic of Pisa,1100,20000.0
Republic of Pisa,1150,20000.0
Republic of Pisa,1200,35000.0
Republic of Pisa,1250,64000.0
Republic of Pisa,1300,43000.0
Republic of Pisa,1350,45000.0
Republic of Pisa,1400,42000.0
Republic of Poland,2000,1615000.0
Republic of Poland,2015,1615000.0
Republic of Senegal,2000,1097000.0
Republic of Senegal,2015,1097000.0
Republic of Singapore,2000,3894000.0
Republic of Singapore,2015,3894000.0
Republic of Sudan,2000,1271000.0
Republic of Sudan,2015,1271000.0
Republic of Turkey,1950,517000.0
Republic of Turkey,2000,5091000.0
Republic of Turkey,2015,5091000.0
Republic of Uzbekistan,2000,2142000.0
Republic of Uzbekistan,2015,2142000.0
Republic of Venice,1400,35000.0
Republic of Venice,1450,96944.78865505074
Republic of Venice,1500,134762.77372262772
Republic of Venice,1550,166091.09223376078
Republic of Venice,1600,150150.94339622642
Republic of Venice,1650,137684.89432783274
Republic of Venice,1700,160431.6508090093
Republic of Venice,1750,147779.92277992278
Republic of Zimbabwe,2000,1189000.0
Republic of Zimbabwe,2015,1189000.0
Republic of the Philippines,1950,1400000.0
Republic of the Philippines,2000,5672000.0
Republic of the Philippines,2015,5672000.0
Roman Empire,0,3570278.504984077
Roman Empire,50,3948750.8070495646
Roman Empire,100,4273704.349965917
Roman Empire,150,4444220.028552569
Roman Empire,200,4714735.707139222
Roman Empire,250,3905251.3857258754
Roman Empire,300,3985767.064312528
Roman Empire,350,3302532.742899181
Roman Republic,-325,342216.9811320755
Roman Republic,-320,351132.07547169813
Roman Republic,-300,386792.4528301887
Roman Republic,-250,550345.5701394586
Roman Republic,-200,607594.3396226414
Roman Republic,-150,719995.283018868
Roman Republic,-100,1394396.2264150945
Roman Republic,-50,2253047.8722408162
Romania,2000,2016000.0
Romania,2015,2016000.0
Rouran Khaganate,450,150000.0
Rouran Khaganate,500,200000.0
Russian Empire,1750,461628.56780644285
Russian Empire,1800,851065.6302374875
Russian Empire,1850,2113720.5460784314
Russian Empire,1900,10504311.475409836
Russian Federation,2000,10649000.0
Russian Federation,2015,16379000.0
Saadi Sultanate,1600,308791.6046175723
Saadi Sultanate,1650,283724.1063997343
Sabaeans,-650,45000.0
Safavid Dynasty,1550,534546.2312763246
Safavid Dynasty,1600,377127.2504225462
Safavid Dynasty,1650,900888.3253198825
Safavid Dynasty,1700,979197.7603155031
Samanid Empire,900,794619.8630136986
Samanid Empire,950,886033.699336252
Sarbadars,1350,55963.455149501664
Sasanian Empire,250,100000.0
Sasanian Empire,300,200000.0
Sasanian Empire,350,275000.0
Sasanian Empire,400,692086.3309352518
Sasanian Empire,450,821043.165467626
Sasanian Empire,500,850000.0
Sasanian Empire,550,1047233.606557377
Sasanian Empire,600,1144467.213114754
Satavahana Dynasty,-200,60000.0
Satavahana Dynasty,0,100000.0
Satavahana Dynasty,50,100000.0
Satavahana Dynasty,100,100000.0
Sayyid Dynasty,1450,88342.3973727422
Second Athenian League,-350,135606.0606060606
Second Bulgarian Empire,1200,61320.75471698113
Second Bulgarian Empire,1250,72900.94339622642
Second Bulgarian Empire,1300,54481.1320754717
Second Bulgarian Empire,1350,67662.38223193945
Second Republic of Austria,1950,1979000.0
Second Republic of Austria,2000,1560000.0
Second Republic of Austria,2015,1560000.0
Second Syrian Republic,1950,941000.0
Seleucid Empire,-300,345000.0
Seleucid Empire,-250,295000.0
Seleucid Empire,-200,760000.0
Seleucid Empire,-150,756039.8230088495
Seleucid Empire,-100,446171.9342604298
Sena Dynasty,1200,60000.0
Serbia-Montenegro,2000,1594000.0
Serbia-Montenegro,2015,1594000.0
Serbs,1850,26514.783393501806
Serbs,1900,69000.0
Shan States,1550,60000.0
Shang Dynasty,-1250,120000.0
Shaybanids,1500,50000.0
Shu Han,250,272066.5236051502
Shunga Empire,-150,764102.4447110334
Shunga Empire,-100,671799.9464562873
Sikh Confederacy,1800,40000.0
Sikh Empire,1800,80013.98601398601
Sind-Habbari Dynasty,900,94030.41825095058
Sind-Habbari Dynasty,950,95361.21673003802
Sind-Habbari Dynasty,1000,96692.01520912547
Sind-Habbari Dynasty,1050,90522.81368821292
Sind-Habbari Dynasty,1100,84353.61216730038
Sind-Habbari Dynasty,1150,83149.1993787822
Sind-Habbari Dynasty,1200,81944.78659026402
Sind-Samma Dynasty,1350,78331.54822470948
Sind-Samma Dynasty,1400,77127.13543619128
Sind-Samma Dynasty,1450,75922.7226476731
Sind-Samma Dynasty,1500,74718.30985915492
Socialist Federal Republic of Yugoslavia,1950,1040000.0
Socialist Republic of Romania,1950,1100000.0
Socialist Republic of Vietnam,2000,1073000.0
Socialist Republic of Vietnam,2015,1073000.0
Sokoto Caliphate,1850,353672.4137931034
Sokoto Caliphate,1900,210000.0
Songhai Empire,1500,85000.0
Songhai Empire,1550,100000.0
South Africa,1950,2365000.0
Southern Chu,950,37099.451840250586
Southern Ming,1650,1884273.6433674025
Southern Qi,500,1105722.9858559736
Southern Song,1050,2625991.3153898413
Southern Song,1100,2862294.8465863476
Southern Song,1150,1108828.6813788477
Southern Song,1200,1337266.7421814152
Southern Song,1250,1435956.9608787196
Southern Wu,950,205208.92351274786
Spanish Empire,1550,305153.1456176486
Spanish Empire,1700,628942.2961681109
Spanish Empire,1800,275105.48049981066
Sri Lanka,1950,600000.0
State of Libya,2015,1500000.0
Sui Dynasty,600,3212909.7107331194
Sukhothai Kingdom,1300,32500.0
Sukhothai Kingdom,1350,40000.0
Sultan of Yogyakarta,1800,37000.0
Sultanate of Aceh,1550,31500.0
Sultanate of Aceh,1600,49909.09090909091
Sultanate of Aceh,1650,60000.0
Sultanate of Aceh,1700,48000.0
Sultanate of Aceh,1750,45000.0
Sultanate of Aceh,1800,40000.0
Sultanate of Aceh,1850,34186.04651162791
Sultanate of Aceh,1900,30000.0
Sultanate of Banten,1600,50000.0
Sultanate of Banten,1650,50000.0
Sultanate of Bengal,1350,70000.0
Sultanate of Bengal,1400,100000.0
Sultanate of Bengal,1450,150000.0
Sultanate of Bengal,1500,335649.7175141243
Sultanate of Brunei,1400,29090.909090909092
Sultanate of Brunei,1450,34545.454545454544
Sultanate of Brunei,1500,40000.0
Sultanate of Brunei,1550,35098.03921568627
Sultanate of Brunei,1600,30196.07843137255
Sultanate of Brunei,1650,27090.909090909092
Sultanate of Brunei,1700,24060.60606060606
Sultanate of Brunei,1750,21030.303030303032
Sultanate of Brunei,1800,18000.0
Sultanate of Brunei,1850,14078.43137254902
Sultanate of Muscat and Oman,1900,40000.0
Sultanate of Oman,1800,12000.0
Sultanate of Oman,1850,60000.0
Sultanate of Palembang,1800,25000.0
Sultanate of Rum,1100,71639.72027972028
Sultanate of Rum,1150,80139.86013986015
Sultanate of Rum,1200,173640.0
Sultanate of Rum,1250,118049.23076923077
Sumerian City-States,-2000,320000.0
Sur Empire,1550,1127034.4176115505
Swedish Empire,1650,79398.63826188998
Swedish Empire,1700,90659.02904328018
Swedish Empire,1750,65259.38952164009
Swedish Empire,1800,79247.0
Swiss Confederation,1550,10975.0
Swiss Confederation,1900,402000.0
Swiss Confederation,1950,651000.0
Syria,2000,2976000.0
Syria,2015,1394000.0
Taifa of Murcia,1150,41245.28301886792
Taliban,2000,1424000.0
Tang Dynasty,650,3473846.304025222
Tang Dynasty,700,4128062.4776985943
Tang Dynasty,750,4281341.206129927
Tang Dynasty,800,4294537.690319024
Tang Dynasty,850,3489547.778724714
Tang Dynasty,900,3362832.34364427
Tanzania,2000,1361000.0
Tanzania,2015,1361000.0
Tenochtitlan,1350,70000.0
Tenochtitlan,1400,60000.0
Teutonic Order,1500,10842.105263157895
Thanjavur Maratha Kingdom,1700,30000.0
Thanjavur Maratha Kingdom,1750,55000.0
Thirtieth Dynasty of Egypt,-350,258075.8383801862
Tibet,1400,86666.66666666667
Tibet,1450,85555.55555555556
Tibet,1500,84444.44444444444
Tibet,1550,83333.33333333333
Tibet,1600,82222.22222222222
Tibet,1650,81111.11111111111
Tibet,1700,80000.0
Tibet,1750,50000.0
Tibetan Empire,800,267889.6338974088
Tibetans,850,98888.88888888889
Tibetans,900,97777.77777777778
Tibetans,950,96666.66666666667
Tibetans,1000,95555.55555555556
Tibetans,1050,94444.44444444444
Tibetans,1100,93333.33333333333
Tibetans,1150,92222.22222222222
Tibetans,1200,91111.11111111111
Timurid Empire,1400,994232.7848238946
Timurid Empire,1450,634306.4473688435
Timurid Empire,1500,124092.77069511203
Tokugawa Shogunate,1600,210000.0
Tokugawa Shogunate,1650,1727529.030074137
Tokugawa Shogunate,1700,2042882.1163905417
Tokugawa Shogunate,1750,2158458.4568290496
Tokugawa Shogunate,1800,2340473.444326381
Tokugawa Shogunate,1850,2418056.642736571
Trịnh lords,1600,37698.11320754717
Trịnh lords,1650,35622.64150943396
Trịnh lords,1700,40000.0
Trịnh lords,1750,50000.0
Tsardom of Russia,1550,231989.3600630188
Tsardom of Russia,1600,252564.8130030837
Tsardom of Russia,1650,209822.47801072834
Tsardom of Russia,1700,279330.69036233565
Tughlaq Dynasty,1350,470784.39844562486
Tughlaq Dynasty,1400,358407.3783359498
Tulunids,900,1428899.3306140655
Turk Shahis,650,42251.71232876713
Turks,700,158146.06741573033
Turks,750,166573.03370786516
Tver,1300,27000.0
Tver,1350,23500.0
Tver,1400,20000.0
Tver,1450,19420.289855072464
Twenty-sixth Dynasty of Egypt,-600,188961.03896103895
Twenty-sixth Dynasty of Egypt,-550,192207.7922077922
Twenty-third Dynasty of Egypt,-800,175974.02597402598
Twenty-third Dynasty of Egypt,-750,179220.77922077922
Tây Sơn dynasty,1800,110000.0
Ukraine,2000,6242000.0
Ukraine,2015,6242000.0
Umayyad Caliphate,700,2662757.035598143
Umayyad Caliphate,750,2244323.8902366264
Unified Silla,700,57936.50793650794
Unified Silla,750,56613.75661375662
Unified Silla,800,55291.00529100529
Unified Silla,850,53968.253968253965
Unified Silla,900,52645.502645502645
Union of Myanmar,2000,2513000.0
Union of Myanmar,2015,2513000.0
Union of Soviet Socialist Republics,1950,30732000.0
United Kingdoms of Sweden and Norway,1850,122330.0
United Kingdoms of Sweden and Norway,1900,898000.0
United Principalities of Moldavia and Wallachia,1900,567000.0
United States of America,1800,243276.76623376622
United States of America,1850,2142258.0
United States of America,1900,17414000.0
United States of America,1950,66101333.333333336
United States of America,2000,20053000.0
United States of America,2015,20053000.0
Vakataka Kingdom,500,77661.9007569386
Vakataka Kingdom,550,76820.85786375105
Vandal Kingdom,450,28500.0
Venezuela,1850,43000.0
Venezuela,1900,197000.0
Venezuela,1950,928000.0
Venezuela,2000,3681000.0
Venezuela,2015,3681000.0
Vijayanagara Empire,1350,265013.5043370367
Vijayanagara Empire,1400,794821.7756497298
Vijayanagara Empire,1450,988932.9149037628
Vijayanagara Empire,1500,964265.3144259889
Vijayanagara Empire,1550,765265.7823101054
Viking settlements,1050,4500.0
Visigothic Kingdom,500,67760.93989443214
Visigothic Kingdom,650,39213.48314606742
Visigothic Kingdom,700,52808.988764044945
Visigoths,400,98168.49816849816
Volga Bulgaria,950,10978.260869565218
Volga Bulgaria,1000,13695.652173913044
Volga Bulgaria,1050,16413.04347826087
Volga Bulgaria,1100,19130.434782608696
Volga Bulgaria,1150,21847.82608695652
Volga Bulgaria,1200,24565.217391304348
Warring States Japan,1500,170000.0
Warring States Japan,1550,287404.7366426677
Warring States Japan,1600,952380.901856764
Wattasid dynasty,1500,234000.0
Wattasid dynasty,1550,253859.10283541033
West Franks,850,55000.0
West Franks,950,82830.18867924529
Western Chalukya Empire,1000,50636.58795934323
Western Chalukya Empire,1050,48075.290070367475
Western Chalukya Empire,1100,195513.99218139172
Western Chalukya Empire,1150,182149.1228638445
Western Göktürks,600,145000.0
Western Göktürks,650,201410.2698174083
Western Jin,300,2295973.8796920204
Western Jin,350,679411.9844023669
Western Jin,400,921515.6515535691
Western Karakhanid Khanate,1050,112500.0
Western Kushans,250,202662.67123287672
Western Moghulistan,1550,60000.0
Western Moghulistan,1600,55000.0
Western Roman Empire,400,1393937.526338052
Western Roman Empire,450,750450.1318820798
Western Satraps,150,100000.0
Western Satraps,200,100000.0
Western Satraps,250,100000.0
Western Satraps,300,100000.0
Western Satraps,400,79343.9865433137
Western Wei,550,774127.2648470369
Western Xia,1050,77500.0
Western Xia,1100,80000.0
Western Xia,1150,80000.0
Western Xia,1200,80000.0
White Huns,450,145000.0
White Huns,500,343030.8219178082
White Huns,550,191104.45205479453
Wuyue,950,177500.0
Xionites,400,145000.0
Yadava Dynasty,1200,214452.62547895854
Yadava Dynasty,1250,203756.12809407257
Yadava Dynasty,1300,203268.5086551265
Yuan Dynasty,1300,4181149.0261828904
Yuan Dynasty,1350,4285562.650458918
Yue,-500,100000.0
Yuezhi,-100,216147.26027397258
Yuezhi,-50,214220.8904109589
Yuezhi,0,212294.5205479452
Zambia,2000,1270000.0
Zambia,2015,1270000.0
Zand Dynasty,1750,109742.57425742575
Zapotec Civilization,800,30000.0
Zayyanid dynasty,1250,40000.0
Zayyanid dynasty,1300,50000.0
Zayyanid dynasty,1400,70000.0
Zayyanid dynasty,1450,50000.0
Zayyanid dynasty,1500,65000.0
Zayyanid dynasty,1550,28125.0
Zengid dynasty,1150,272523.18540355354
Zengid dynasty,1250,45000.0
Zheng,-400,388653.6731634183
Zhou Dynasty,-1000,215745.12743628185
Zhou Dynasty,-950,234320.8395802099
Zhou Dynasty,-900,252896.5517241379
Zhou Dynasty,-850,271472.26386806596
Zhou Dynasty,-800,290047.976011994
Zirid dynasty,1100,37000.0
Zirid dynasty,1150,48000.0
Éire,1950,595000.0
Đại Việt,1550,39773.58490566038
